id,name,firm,daysSinceLastMeaningfulContact,stage,momentumDirection,tier,relationshipOwner,investorType,strategyFit,strategyType,lpLocation,investmentRemit,typicalCheckSize,fundSizePreference,source,sourceDetail,lastFundHistory,lastFundCheckSize,decisionTimeline,fiscalYearEnd,consultantDependent,consultantName,esgRequired,lastMeetingDate,contactSeniority,nextMove,openLoops,band
r1,Alex Morgan,Northwind Capital,3,Active diligence,Heating up,Tier 1,You,Family office,Active mandate,Long/short equity,North America,Global,$25–50M,No cap,Direct,,Invested Fund II,,Q1,Dec,Direct,,No,2025-02-15,,Share Q4 performance deck,2,Heating Up
r2,Jamie Chen,Peakline Partners,9,Deck sent,Stable,Tier 1,IR Person,Fund-of-funds,Active mandate,Multi-strat,North America,Global,$50–100M,≤5% of fund,Placement agent,,New prospect,,Q2,Jun,Direct,,No,2025-02-01,,Schedule allocation review,1,Active-Stable
r3,Priya Desai,Lumen LP,14,Deck sent,Cooling,Tier 2,You,Family office,Active mandate,Long/short equity,EMEA,Europe only,$5–25M,≤10% of fund,Warm intro,Goldman cap intro,New prospect,,Q3,Mar,Direct,,Yes,,,Send concise update + ask for feedback,3,Cooling
r4,Samir Patel,Harborlight Advisors,21,First contact,Cooling,Tier 2,Placement Agent,Endowment,Fully allocated,Credit,North America,US only,$25–50M,No cap,Conference,,Passed,,Q4,Jun,Consultant-dependent,Mercer,Yes,,,Re-engage with performance snapshot,0,Stalled
r5,Peter Zakowich,PAAMCO Prisma,1,Active diligence,Heating up,Tier 1,You,Pension fund,Active mandate,Multi-strat,North America,Global,$50–100M,≤10% of fund,Direct,,New prospect,,Q2,Dec,Direct,,No,2025-03-10,CIO,Confirm March 18 meeting time,1,Heating Up
r6,Michel del Buono,A16z Family Office,2,First contact,Heating up,Tier 1,You,Family office,Active mandate,Long/short equity,North America,Global,$25–50M,No cap,Warm intro,Liyen Chow — Goldman Sachs cap intro,New prospect,,Q3,Dec,Direct,,Unknown,,Director,Send intro reply within 24h,1,Heating Up
r7,James Staltari,Albourne Partners,1,Met,Stable,Tier 1,You,Endowment,Active mandate,Multi-strat,EMEA,Global,$100M+,≤5% of fund,Direct,,Invested Fund I,,Q2,Jun,Consultant-dependent,Albourne,Yes,2025-03-24,Director,Post-meeting thank-you + next steps to LP,3,Active-Stable
r8,Kwong Hong Huat,GIC,2,Active diligence,Stable,Tier 1,IR Person,Sovereign wealth fund,Active mandate,Multi-strat,APAC,Global,$100M+,No cap,Direct,,Invested Fund II,,Q2,Mar,Direct,,No,2025-02-20,CIO,Confirm meeting for new fund launch,2,Active-Stable
r9,Camille Durand,Amundi (FoF),18,Active diligence,Cooling,Tier 2,You,Fund-of-funds,Active mandate,Multi-strat,EMEA,Europe only,$25–50M,≤10% of fund,Conference,,New prospect,,Q2,Dec,Direct,,Yes,2025-03-05,Director,Brief relationship check-in ahead of Q2 allocation read,1,Cooling
r10,Elena Vasquez,Apex Family Office,2,Deck sent,Stable,Tier 2,You,Endowment,Fully allocated,Global macro,North America,Global,$50–100M,No cap,Placement agent,,New prospect,,Q3,Jun,Unknown,,No,2025-01-19,,Re-engage with snapshot,2,Active-Stable
r11,Marcus Webb,Meridian Endowment,14,Active diligence,Heating up,Tier 1,Unassigned,UHNW,Unknown,Long/short equity,North America,Asia only,$50–100M,No cap,Placement agent,,New prospect,$5–25M,Q3,Jun,Direct,,No,,,Schedule allocation review,2,Heating Up
r12,Yuki Tanaka,Pacific Pension Fund,5,First contact,Stable,Tier 3,IR Person,Family office,No mandate,Multi-strat,North America,Global,$25–50M,≤5% of fund,Warm intro,,New prospect,,Q2,Dec,Direct,,No,2025-03-21,,Send monthly update,2,Active-Stable
r13,David Kim,Cascade Sovereign,70,Active diligence,Cooling,Tier 2,You,Foundation,Active mandate,Multi-strat,EMEA,Global,$50–100M,No cap,Warm intro,,Invested Fund I,,Q3,Mar,Direct,,No,,Other,Send term sheet,3,Stalled
r14,Sarah Mitchell,Summit Fund of Funds,2,DD,Stable,Tier 2,You,Pension fund,Fully allocated,Multi-strat,North America,Europe only,$5–25M,No cap,Conference,,Invested Fund II,,Q4,Mar,Direct,,No,,Director,Book intro call,1,Active-Stable
r15,James O'Brien,Horizon UHNW,5,Deck sent,Stable,Tier 3,You,Endowment,Fully allocated,Long/short equity,EMEA,Global,$100M+,≤5% of fund,Placement agent,,New prospect,$50–100M,Q1,Unknown,Direct,,No,2025-03-24,,Send monthly update,0,Active-Stable
r16,Ana Costa,Atlas Insurance,12,Met,Stable,Tier 2,You,Insurance,Unknown,Credit,EMEA,Europe only,$5–25M,≤10% of fund,Direct,,Invested Fund II,,Ad hoc,Dec,Direct,,Yes,,,Confirm allocation window,3,Active-Stable
r17,Michael Zhang,Cedar Foundation,5,Deck sent,Stable,Tier 2,You,Foundation,Active mandate,Multi-strat,North America,US only,$5–25M,No cap,Placement agent,,Invested Fund I,$50–100M,Q4,Jan,Unknown,,No,2025-02-26,,Propose DD kickoff,2,Active-Stable
r18,Rachel Foster,Ridge Family Office,7,DD,Stable,Tier 3,You,Insurance,No mandate,Multi-strat,North America,Global,$50–100M,≤5% of fund,Direct,,New prospect,$25–50M,Q4,Unknown,Direct,Albourne,Yes,2025-03-27,CIO,Draft side letter,3,Active-Stable
r19,Thomas Wright,Valley Endowment,5,Met,Heating up,Tier 3,You,Insurance,Fully allocated,Long/short equity,North America,Europe only,$5–25M,≤10% of fund,Warm intro,,Invested Fund I,$50–100M,Q2,Jun,Consultant-dependent,,No,2025-01-10,Analyst,Re-engage with snapshot,1,Heating Up
r20,Nina Patel,Stone Pension,9,Deck sent,Stable,Tier 2,You,Fund-of-funds,Active mandate,Global macro,EMEA,US only,<$5M,≤10% of fund,Placement agent,,Invested Fund II,,Unknown,Jun,Consultant-dependent,,No,2025-02-11,Analyst,Book intro call,1,Active-Stable
r21,Christopher Lee,Brook Sovereign,35,Deck sent,Cooling,Tier 3,You,UHNW,Unknown,Long/short equity,EMEA,Global,$5–25M,≤5% of fund,Warm intro,,New prospect,,Q4,Dec,Direct,,No,,,Re-engage with snapshot,0,Cooling
r22,Olivia Martinez,Pine FoF,2,Met,Cooling,Tier 2,IR Person,Family office,No mandate,Global macro,EMEA,Global,Unknown,No cap,Other,,Passed,,Ad hoc,Mar,Consultant-dependent,,No,,CIO,Send concise update,3,Cooling
r23,Daniel Brown,Maple UHNW,7,First contact,Stable,Tier 2,Unassigned,Insurance,Fully allocated,Global macro,North America,Global,$5–25M,Unknown,Direct,,New prospect,$25–50M,Q3,Mar,Direct,,No,,,Re-engage with snapshot,1,Active-Stable
r24,Sophie Laurent,Oak Insurance,5,Active diligence,Stable,Tier 2,Placement Agent,Foundation,No mandate,Global macro,EMEA,Global,$50–100M,≤10% of fund,Direct,,Invested Fund II,,Unknown,Dec,Unknown,Mercer,No,2025-03-15,,Follow up on deck,3,Active-Stable
r25,Robert Chen,Willow Foundation,12,Met,Stable,Tier 2,You,Endowment,Active mandate,Long/short equity,EMEA,Global,$5–25M,Unknown,Placement agent,,Passed,,Unknown,Dec,Direct,,Unknown,2025-01-16,,Schedule IC presentation,3,Active-Stable
r26,Emma Wilson,Sage Family Office,70,Deck sent,Heating up,Tier 2,IR Person,Fund-of-funds,Fully allocated,Long/short equity,EMEA,Global,$25–50M,No cap,Placement agent,,Invested Fund I,,Q4,Mar,Consultant-dependent,,No,2025-02-17,Other,Follow up on deck,2,Heating Up
r27,William Davis,Ivy Endowment,21,First contact,Heating up,Tier 1,IR Person,UHNW,No mandate,Long/short equity,North America,US only,$25–50M,≤5% of fund,Direct,,Passed,,Q3,Unknown,Consultant-dependent,Aon,Unknown,,,Schedule allocation review,3,Heating Up
r28,Isabella Garcia,Fern Pension,2,Closed,Stable,Tier 3,You,Endowment,Active mandate,Credit,North America,Global,$25–50M,No cap,Other,,Passed,$5–25M,Q3,Unknown,Direct,,Yes,,,Share data room access,2,Active-Stable
r29,Benjamin Taylor,Moss Sovereign,5,Closed,Cooling,Tier 2,You,Foundation,No mandate,Global macro,North America,Europe only,$5–25M,No cap,Conference,Goldman cap intro,Re-upped,,Unknown,Sep,Direct,,No,2025-02-20,Director,Send monthly update,0,Cooling
r30,Mia Anderson,Reed FoF,2,Met,Stable,Tier 2,Placement Agent,Family office,Active mandate,Long/short equity,North America,Global,<$5M,No cap,Conference,,Passed,,Q4,Jan,Direct,,No,,,Draft side letter,3,Active-Stable
r31,Lucas Thompson,Clover UHNW,5,Closed,Cooling,Tier 2,You,Insurance,Active mandate,Credit,North America,Global,$100M+,No cap,Placement agent,,Invested Fund II,$100M+,Q3,Jun,Direct,,Unknown,,,Schedule IC presentation,3,Cooling
r32,Charlotte White,Hazel Insurance,2,Active diligence,Stable,Tier 3,IR Person,UHNW,Active mandate,Global macro,EMEA,Asia only,$50–100M,No cap,Other,Goldman cap intro,Invested Fund II,$50–100M,Ad hoc,Jun,Consultant-dependent,,No,,,Schedule allocation review,3,Active-Stable
r33,Henry Clark,Birch Foundation,5,First contact,Heating up,Tier 1,You,Pension fund,Active mandate,Other,North America,US only,$25–50M,No cap,Warm intro,,Invested Fund II,,Ad hoc,Dec,Consultant-dependent,,No,,,Send term sheet,2,Heating Up
r34,Amelia Lewis,Ash Family Office,18,Met,Cooling,Tier 2,IR Person,Sovereign wealth fund,No mandate,Long/short equity,North America,Global,$25–50M,No cap,Conference,,Re-upped,,Q3,Mar,Consultant-dependent,Mercer,No,,,Re-engage with snapshot,0,Cooling
r35,Alexander Hall,Elm Endowment,35,First contact,Cooling,Tier 2,Placement Agent,Sovereign wealth fund,Active mandate,Global macro,North America,Global,$5–25M,≤5% of fund,Conference,Goldman cap intro,New prospect,$50–100M,Ad hoc,Jun,Direct,,Unknown,,Other,Schedule allocation review,1,Cooling
r36,Harper Young,Spruce Pension,2,DD,Cooling,Tier 2,Placement Agent,Pension fund,Active mandate,Credit,North America,Asia only,$50–100M,No cap,Direct,,New prospect,<$5M,Q1,Jan,Direct,,No,2025-03-27,Analyst,Share Q4 performance deck,3,Cooling
r37,Sebastian King,Juniper Sovereign,56,Met,Stable,Tier 2,IR Person,Family office,Fully allocated,Global macro,APAC,Global,<$5M,No cap,Other,,Invested Fund I,,Q2,Mar,Consultant-dependent,NEPC,No,2025-01-10,,Draft side letter,3,Active-Stable
r38,Evelyn Scott,Laurel FoF,2,Met,Stable,Tier 1,You,Sovereign wealth fund,Active mandate,Multi-strat,North America,Global,$100M+,No cap,Direct,,Passed,<$5M,Q4,Unknown,Direct,,Yes,2025-02-11,,Send concise update,2,Active-Stable
r39,Jack Green,Hawthorn UHNW,21,First contact,Heating up,Tier 2,You,Family office,Active mandate,Quant,North America,Global,$5–25M,Unknown,Warm intro,,Invested Fund II,Unknown,Q3,Unknown,Unknown,Mercer,No,,,Send term sheet,1,Heating Up
r40,Abigail Adams,Rowan Insurance,18,DD,Cooling,Tier 1,IR Person,Fund-of-funds,Active mandate,Multi-strat,North America,Europe only,Unknown,No cap,Other,,Invested Fund II,$100M+,Q2,Mar,Direct,,Yes,2025-01-13,Director,Send concise update,3,Cooling
r41,Owen Baker,Alder Foundation,90,Pass,Stable,Tier 3,You,Pension fund,Fully allocated,Global macro,North America,US only,$5–25M,No cap,Direct,,New prospect,,Ad hoc,Jun,Direct,,Unknown,2025-02-14,,Send monthly update,3,Active-Stable
r42,Emily Nelson,Beech Family Office,70,Pass,Heating up,Tier 2,IR Person,Foundation,Active mandate,Global macro,North America,Global,$100M+,≤5% of fund,Warm intro,,New prospect,,Q2,Jan,Direct,,Yes,2025-03-15,Other,Schedule IC presentation,3,Heating Up
r43,Liam Carter,Chestnut Endowment,9,Deck sent,Heating up,Tier 1,IR Person,Endowment,Fully allocated,Long/short equity,EMEA,Global,$25–50M,No cap,Placement agent,,Invested Fund I,,Q2,Jun,Direct,,No,2025-01-16,Other,Draft side letter,3,Heating Up
r44,Elizabeth Hill,Dogwood Pension,2,Met,Heating up,Tier 3,IR Person,Endowment,Fully allocated,Global macro,EMEA,Asia only,$50–100M,≤10% of fund,Warm intro,,Re-upped,$5–25M,Q3,Mar,Direct,,No,2025-02-17,,Schedule IC presentation,2,Heating Up
r45,Noah Mitchell,Elder Sovereign,5,Deck sent,Stable,Tier 3,You,Insurance,Active mandate,Multi-strat,EMEA,Europe only,$5–25M,≤10% of fund,Direct,,New prospect,,Unknown,Jan,Consultant-dependent,,Unknown,,Other,Book intro call,3,Active-Stable
r46,Chloe Roberts,Fig FoF,2,Met,Cooling,Tier 2,Placement Agent,Foundation,Active mandate,Long/short equity,Other,Global,$50–100M,Unknown,Placement agent,,New prospect,,Unknown,Mar,Consultant-dependent,,No,2025-01-19,CIO,Send monthly update,3,Cooling
r47,Mason Turner,Ginkgo UHNW,28,DD,Cooling,Tier 1,Placement Agent,UHNW,Active mandate,Quant,North America,Global,$50–100M,No cap,Direct,,Unknown,$25–50M,Q2,Dec,Direct,,No,2025-02-20,Other,Send monthly update,1,Cooling
r48,Grace Phillips,Hemlock Insurance,21,Met,Stable,Tier 1,You,Sovereign wealth fund,Active mandate,Global macro,EMEA,Global,$5–25M,No cap,Direct,,New prospect,,Q4,Jun,Direct,,No,,,Send monthly update,1,Active-Stable
r49,Ethan Campbell,Hickory Foundation,35,Deck sent,Stable,Tier 2,You,Endowment,Active mandate,Credit,North America,Global,$5–25M,No cap,Placement agent,,Invested Fund I,<$5M,Q2,Unknown,Direct,,No,,,Propose DD kickoff,1,Active-Stable
r50,Victoria Parker,Ironwood Family Office,28,Deck sent,Cooling,Tier 1,You,Endowment,Active mandate,Long/short equity,North America,Emerging markets,$5–25M,No cap,Placement agent,Goldman cap intro,New prospect,,Q2,Dec,Direct,,Yes,,,Schedule IC presentation,1,Cooling
r51,Aiden Evans,Jacaranda Endowment,9,Active diligence,Stable,Tier 2,You,Insurance,No mandate,Multi-strat,North America,Global,<$5M,≤10% of fund,Warm intro,,Invested Fund II,$50–100M,Unknown,Sep,Direct,,No,2025-03-24,Analyst,Draft side letter,0,Active-Stable
r52,Zoey Edwards,Koa Pension,5,Deck sent,Cooling,Tier 1,IR Person,Family office,Fully allocated,Global macro,North America,US only,$25–50M,≤10% of fund,Conference,Goldman cap intro,Invested Fund I,$5–25M,Q4,Dec,Direct,,No,2025-01-25,Other,Book intro call,1,Cooling
r53,Logan Collins,Larch Sovereign,7,Deck sent,Stable,Tier 2,Placement Agent,UHNW,No mandate,Long/short equity,Other,Global,$25–50M,≤5% of fund,Conference,,New prospect,Unknown,Q4,Jun,Direct,,No,,,Re-engage with snapshot,2,Active-Stable
r54,Lily Stewart,Magnolia FoF,28,Met,Stable,Tier 3,Placement Agent,Foundation,Active mandate,Long/short equity,North America,US only,<$5M,≤10% of fund,Other,,New prospect,,Q4,Sep,Consultant-dependent,,No,,,Propose DD kickoff,2,Active-Stable
r55,Jackson Morris,Nettle UHNW,12,Met,Stable,Tier 3,IR Person,Endowment,Active mandate,Multi-strat,APAC,Emerging markets,$25–50M,≤10% of fund,Conference,,Invested Fund II,,Q4,Dec,Direct,,No,2025-01-10,Director,Confirm allocation window,0,Active-Stable
r56,Ada Worthington,Osprey Alternatives,2,Deck sent,Stable,Tier 3,Unassigned,Family office,Active mandate,Multi-strat,EMEA,Europe only,$5–25M,≤5% of fund,Direct,,Invested Fund II,$5–25M,Q4,Jun,Direct,NEPC,Yes,,Director,Send monthly update,3,Active-Stable
r57,Finn Gallagher,Redwood Institutional,18,Pass,Heating up,Tier 2,Unassigned,Pension fund,No mandate,Credit,North America,Global,$50–100M,≤10% of fund,Direct,,Passed,$100M+,Ad hoc,Unknown,Consultant-dependent,,No,2025-03-12,CIO,Draft side letter,2,Heating Up
r58,Iris Nakamura,Granite Ridge Capital,7,Active diligence,Stable,Tier 2,Placement Agent,Sovereign wealth fund,Fully allocated,Multi-strat,EMEA,US only,$25–50M,No cap,Warm intro,,Unknown,,Q1,Mar,Direct,,No,2025-01-13,Other,Send concise update,2,Active-Stable
r59,Jonah Meyer,Silverpine Partners,5,First contact,Heating up,Tier 2,Unassigned,Fund-of-funds,Fully allocated,Credit,North America,US only,<$5M,No cap,Direct,,Invested Fund II,$50–100M,Q2,Unknown,Consultant-dependent,,Yes,2025-02-14,Director,Schedule IC presentation,0,Heating Up
r60,Kai Andersen,Bluefin Asset Management,18,Active diligence,Heating up,Tier 3,Unassigned,Insurance,Fully allocated,Other,LATAM,Global,$5–25M,No cap,Placement agent,Goldman cap intro,Invested Fund II,,Unknown,Unknown,Direct,,Unknown,2025-03-15,,Share Q4 performance deck,3,Heating Up
r61,Lara Fontaine,Copperfield Family Office,9,Pass,Heating up,Tier 2,Placement Agent,Fund-of-funds,Unknown,Long/short equity,North America,Emerging markets,$50–100M,≤5% of fund,Warm intro,,Re-upped,<$5M,Q1,Jun,Unknown,,No,2025-01-16,,Send monthly update,0,Heating Up
r62,Miles Okonkwo,Marble Arch LP,28,Met,Stable,Tier 2,You,Pension fund,Active mandate,Credit,North America,Global,$25–50M,No cap,Conference,,Invested Fund II,,Q4,Unknown,Unknown,,Yes,,,Re-engage with snapshot,1,Active-Stable
r63,Nora Fitzpatrick,Obsidian Trust,2,Deck sent,Heating up,Tier 2,Placement Agent,Foundation,Active mandate,Credit,EMEA,Global,$25–50M,No cap,Placement agent,,Invested Fund II,$5–25M,Q3,Sep,Consultant-dependent,Aon,Unknown,2025-03-18,Other,Share data room access,3,Heating Up
r64,Omar Rahman,Quartz Endowment,5,First contact,Heating up,Tier 1,IR Person,Pension fund,Active mandate,Multi-strat,LATAM,US only,Unknown,No cap,Direct,Goldman cap intro,Unknown,,Q3,Mar,Direct,,No,2025-01-19,Director,Send monthly update,2,Heating Up
r65,Pia Lindstrom,Titanium Advisors,5,DD,Heating up,Tier 1,You,Family office,No mandate,Quant,North America,US only,Unknown,No cap,Direct,,Unknown,,Q4,Jun,Direct,,No,,CIO,Book intro call,3,Heating Up
r66,Quinn Abernathy,Velvet Oak Capital,2,Deck sent,Cooling,Tier 1,IR Person,Foundation,Fully allocated,Long/short equity,North America,Global,$5–25M,No cap,Other,,New prospect,,Q2,Sep,Direct,,No,,,Share Q4 performance deck,0,Cooling
r67,Ronan O'Dwyer,Wintermute Partners,14,First contact,Stable,Tier 2,Placement Agent,Sovereign wealth fund,Unknown,Quant,EMEA,Asia only,$5–25M,≤10% of fund,Placement agent,,Re-upped,<$5M,Q4,Jan,Direct,,Yes,2025-01-22,,Propose DD kickoff,2,Active-Stable
r68,Sasha Volkov,Amberlight Ventures,7,First contact,Heating up,Tier 2,IR Person,UHNW,Active mandate,Global macro,Other,Asia only,$50–100M,No cap,Placement agent,,Invested Fund I,$100M+,Q2,Dec,Consultant-dependent,,No,,,Schedule IC presentation,1,Heating Up
r69,Tessa Whitmore,Cobalt River LP,2,Met,Cooling,Tier 2,Unassigned,Fund-of-funds,Fully allocated,Long/short equity,North America,Asia only,$5–25M,No cap,Direct,,Invested Fund I,,Q2,Mar,Consultant-dependent,,Yes,,CIO,Share data room access,2,Cooling
r70,Uriel Santos,Emerald Coast FoF,7,Active diligence,Heating up,Tier 2,IR Person,Foundation,Active mandate,Long/short equity,EMEA,Global,$5–25M,No cap,Placement agent,,Re-upped,,Q4,Dec,Direct,,Yes,,,Draft side letter,3,Heating Up
r71,Vera Sato,Flint Hill Pension,90,Pass,Heating up,Tier 3,IR Person,Foundation,Active mandate,Quant,North America,Global,$50–100M,No cap,Direct,,Re-upped,,Unknown,Sep,Consultant-dependent,Callan,No,2025-02-26,Other,Schedule allocation review,2,Heating Up
r72,Wade Holloway,Garnet Gate Sovereign,14,Deck sent,Stable,Tier 2,You,UHNW,Active mandate,Credit,North America,Global,$5–25M,No cap,Warm intro,,Invested Fund I,,Q2,Unknown,Direct,,Yes,,Analyst,Send concise update,2,Active-Stable
r73,Xenia Popov,Indigo Line Capital,14,Deck sent,Cooling,Tier 3,You,Family office,Fully allocated,Multi-strat,North America,Global,$100M+,No cap,Warm intro,,Invested Fund I,,Q1,Jun,Direct,Albourne,No,,,Book intro call,0,Cooling
r74,Yusuf Abbasi,Jade Harbor LP,5,Met,Heating up,Tier 3,IR Person,Fund-of-funds,Active mandate,Global macro,North America,Other,$25–50M,No cap,Direct,,Passed,$50–100M,Unknown,Jan,Direct,,No,2025-02-11,CIO,Schedule IC presentation,3,Heating Up
r75,Zara Brennan,Onyx Peak Advisors,18,Met,Stable,Tier 3,You,Foundation,Unknown,Long/short equity,North America,Europe only,$5–25M,No cap,Other,,New prospect,,Q3,Sep,Direct,,No,,Other,Propose DD kickoff,0,Active-Stable
r76,Aria Kulkarni,Pearl Street Endowment,9,First contact,Cooling,Tier 3,You,Endowment,Active mandate,Multi-strat,Other,Global,$5–25M,Unknown,Warm intro,,Invested Fund I,,Ad hoc,Unknown,Direct,NEPC,Unknown,,Analyst,Schedule allocation review,1,Cooling
r77,Bruno Ricci,Ruby Lane Family Office,18,Pass,Cooling,Tier 2,Placement Agent,Fund-of-funds,Fully allocated,Global macro,EMEA,Global,$25–50M,≤5% of fund,Direct,,Passed,$50–100M,Ad hoc,Mar,Unknown,,No,2025-02-14,Analyst,Send concise update,0,Cooling
r78,Celine Dufresne,Sapphire Bay LP,2,Deck sent,Stable,Tier 2,You,Foundation,No mandate,Global macro,North America,US only,<$5M,≤5% of fund,Placement agent,,Invested Fund I,$5–25M,Q4,Dec,Direct,,No,2025-03-15,CIO,Propose DD kickoff,0,Active-Stable
r79,Dante Morales,Topaz Field Partners,2,Met,Cooling,Tier 1,Unassigned,Endowment,No mandate,Long/short equity,North America,US only,$25–50M,No cap,Direct,,New prospect,,Q4,Mar,Direct,Mercer,No,2025-01-16,,Propose DD kickoff,1,Cooling
r80,Elise Thorsen,Turquoise Trail Capital,14,Soft circle,Stable,Tier 2,Unassigned,Endowment,Active mandate,Multi-strat,EMEA,Global,$5–25M,Unknown,Conference,,New prospect,,Ad hoc,Jan,Direct,,Unknown,,,Draft side letter,3,Active-Stable
r81,Felix Brandt,Violet Crown LP,21,Deck sent,Cooling,Tier 2,Placement Agent,Endowment,Fully allocated,Long/short equity,North America,Global,$100M+,≤5% of fund,Direct,,New prospect,,Ad hoc,Dec,Unknown,,Yes,2025-03-18,Analyst,Schedule allocation review,1,Cooling
r82,Gia Ramirez,Arctic Fox Advisors,9,Active diligence,Stable,Tier 3,Unassigned,Insurance,Active mandate,Global macro,North America,Global,Unknown,≤5% of fund,Warm intro,,New prospect,,Q3,Mar,Direct,,No,,Analyst,Send concise update,2,Active-Stable
r83,Hugo van Dijk,Borealis Pension,90,Soft circle,Cooling,Tier 2,IR Person,Family office,Fully allocated,Global macro,EMEA,Other,$5–25M,≤10% of fund,Warm intro,,New prospect,,Q1,Unknown,Direct,,No,2025-02-20,Other,Send concise update,1,Stalled
r84,Ines Khatib,Cirrus Sky Capital,18,Active diligence,Cooling,Tier 3,You,Pension fund,Fully allocated,Global macro,North America,Global,$100M+,Unknown,Placement agent,,Invested Fund II,,Q4,Jun,Consultant-dependent,,No,,CIO,Schedule IC presentation,2,Cooling
r85,Javier Molina,Driftwood LP,9,Deck sent,Cooling,Tier 2,You,Sovereign wealth fund,Active mandate,Global macro,APAC,Global,$50–100M,≤10% of fund,Warm intro,,Passed,,Q1,Mar,Direct,,No,,,Draft side letter,1,Cooling
r86,Katya Petrov,Echo Ridge Endowment,2,Deck sent,Stable,Tier 2,You,Insurance,Active mandate,Global macro,North America,Global,$50–100M,No cap,Warm intro,,Passed,$25–50M,Q4,Unknown,Direct,Aon,No,,CIO,Confirm allocation window,1,Active-Stable
r87,Leo Santoro,Falcon Wing FoF,14,DD,Heating up,Tier 3,Placement Agent,Fund-of-funds,Fully allocated,Credit,North America,Global,$100M+,No cap,Other,,Re-upped,<$5M,Q3,Mar,Direct,,No,,,Schedule IC presentation,3,Heating Up
r88,Mira Haddad,Glacier Point LP,5,Met,Stable,Tier 3,You,Pension fund,Active mandate,Global macro,North America,Global,$25–50M,No cap,Placement agent,,Passed,<$5M,Unknown,Sep,Direct,Albourne,No,,,Draft side letter,2,Active-Stable
r89,Nico Barros,Harbor Stone Capital,12,DD,Heating up,Tier 2,IR Person,UHNW,Active mandate,Global macro,APAC,US only,Unknown,≤5% of fund,Warm intro,,Invested Fund I,$100M+,Ad hoc,Jan,Direct,,Unknown,2025-02-26,Director,Schedule allocation review,2,Heating Up
r90,Orla McKenna,Ivory Coast LP,18,First contact,Stable,Tier 1,You,Foundation,Active mandate,Long/short equity,APAC,US only,$25–50M,No cap,Conference,,New prospect,<$5M,Q3,Sep,Direct,,No,2025-03-27,Analyst,Schedule allocation review,3,Active-Stable
r91,Paolo Rossi,Juniper Bay Trust,7,First contact,Stable,Tier 1,IR Person,Insurance,Active mandate,Credit,North America,Global,$100M+,≤5% of fund,Conference,,Re-upped,,Q4,Dec,Consultant-dependent,Mercer,No,,CIO,Book intro call,2,Active-Stable
r92,Qi Liu,Keystone Arc Partners,7,DD,Heating up,Tier 3,Placement Agent,Foundation,Fully allocated,Global macro,EMEA,Global,$50–100M,Unknown,Warm intro,,Re-upped,,Q2,Mar,Consultant-dependent,,Unknown,,CIO,Share data room access,1,Heating Up
r93,Ravi Menon,Lighthouse Reef LP,14,Met,Heating up,Tier 3,You,UHNW,Active mandate,Long/short equity,APAC,US only,$5–25M,No cap,Warm intro,,Passed,$50–100M,Ad hoc,Unknown,Consultant-dependent,,No,2025-03-12,,Propose DD kickoff,0,Heating Up
r94,Sofia Andersson,Monarch Crest Capital,90,DD,Heating up,Tier 2,Placement Agent,UHNW,Active mandate,Global macro,North America,Asia only,$5–25M,No cap,Placement agent,Goldman cap intro,New prospect,$50–100M,Q4,Dec,Direct,Aon,No,2025-01-13,,Draft side letter,0,Heating Up
r95,Theo Papadopoulos,Nimbus Peak LP,28,Deck sent,Cooling,Tier 3,IR Person,Pension fund,Active mandate,Multi-strat,Other,Global,$25–50M,No cap,Placement agent,,New prospect,,Ad hoc,Sep,Direct,,Yes,,Director,Re-engage with snapshot,2,Cooling
r96,Una Okoye,Oracle Rock Advisors,5,Met,Heating up,Tier 2,IR Person,Family office,No mandate,Global macro,EMEA,Global,Unknown,≤5% of fund,Direct,Goldman cap intro,Invested Fund I,<$5M,Q4,Sep,Direct,,Unknown,2025-03-15,Director,Propose DD kickoff,0,Heating Up
r97,Viktor Stoyanov,Pinnacle Stream LP,28,DD,Stable,Tier 3,You,UHNW,No mandate,Other,EMEA,US only,$25–50M,No cap,Warm intro,Goldman cap intro,New prospect,,Q3,Dec,Unknown,,Unknown,,Other,Follow up on deck,2,Active-Stable
r98,Wren Caldwell,Questline Endowment,21,Met,Heating up,Tier 2,Placement Agent,Insurance,Active mandate,Global macro,North America,Global,$5–25M,No cap,Warm intro,,New prospect,<$5M,Q3,Unknown,Consultant-dependent,,Yes,,Other,Follow up on deck,0,Heating Up
r99,Xin Zhao,Ravenwood Family Office,9,Closed,Stable,Tier 3,You,Family office,Active mandate,Multi-strat,Other,Global,$50–100M,No cap,Warm intro,,New prospect,$100M+,Q1,Unknown,Direct,,Unknown,,,Share Q4 performance deck,0,Active-Stable
r100,Yara El-Sayed,Sterling Crest LP,2,Met,Stable,Tier 3,You,Pension fund,Fully allocated,Global macro,APAC,US only,$5–25M,≤5% of fund,Warm intro,,Unknown,,Unknown,Jun,Unknown,,No,,,Draft side letter,3,Active-Stable
r101,Zeke Thornton,Summit Crest Capital,35,Deck sent,Stable,Tier 2,IR Person,Pension fund,Active mandate,Long/short equity,North America,US only,$25–50M,No cap,Warm intro,,New prospect,$25–50M,Q2,Mar,Consultant-dependent,,No,2025-02-20,Other,Book intro call,2,Active-Stable
r102,Alba Cortes,Timberline Trust,21,Met,Stable,Tier 1,IR Person,UHNW,Fully allocated,Other,North America,Global,$50–100M,No cap,Placement agent,,Re-upped,,Ad hoc,Jan,Direct,,No,2025-03-21,,Share Q4 performance deck,3,Active-Stable
r103,Bjorn Lindgren,Upland Grove LP,12,First contact,Stable,Tier 2,Placement Agent,Pension fund,Unknown,Credit,Other,Asia only,$5–25M,≤5% of fund,Warm intro,,Invested Fund I,$25–50M,Q1,Dec,Consultant-dependent,,No,2025-01-22,Analyst,Schedule IC presentation,1,Active-Stable
r104,Chiara Romano,Vanguardia LP,14,First contact,Cooling,Tier 3,Placement Agent,Sovereign wealth fund,Fully allocated,Multi-strat,North America,Asia only,$25–50M,No cap,Warm intro,,Passed,$100M+,Q4,Unknown,Consultant-dependent,,No,,Other,Confirm allocation window,0,Cooling
r105,Darius Kemp,Whispering Pine Capital,9,First contact,Heating up,Tier 2,You,Sovereign wealth fund,Fully allocated,Multi-strat,APAC,US only,$100M+,≤5% of fund,Placement agent,,New prospect,$100M+,Q1,Jan,Direct,,Unknown,2025-03-24,Other,Send term sheet,0,Heating Up
r106,Esme Blackwood,Yellowstone Ridge LP,56,Closed,Stable,Tier 1,You,Family office,Active mandate,Credit,LATAM,Global,<$5M,Unknown,Direct,,Invested Fund II,<$5M,Q1,Jan,Consultant-dependent,,No,,,Schedule allocation review,2,Active-Stable
r107,Flynn Murray,Zenith Harbor Partners,70,Active diligence,Stable,Tier 2,IR Person,Endowment,Unknown,Long/short equity,APAC,Global,$50–100M,≤5% of fund,Direct,,Invested Fund I,<$5M,Q4,Jun,Consultant-dependent,,No,,CIO,Follow up on deck,1,Active-Stable
r108,Greta Svendsen,Acacia Point LP,5,Met,Cooling,Tier 3,IR Person,Foundation,No mandate,Credit,North America,Emerging markets,$25–50M,≤5% of fund,Conference,,Re-upped,,Q4,Dec,Consultant-dependent,,Yes,,,Send term sheet,1,Cooling
r109,Hana Fujiwara,Balsam Root Capital,42,Met,Stable,Tier 1,You,Insurance,Unknown,Long/short equity,EMEA,Global,<$5M,No cap,Direct,,Invested Fund II,$100M+,Q4,Mar,Direct,,No,2025-01-10,,Draft side letter,3,Active-Stable
r110,Idris Adeyemi,Cypress Dome LP,7,Deck sent,Stable,Tier 1,You,Pension fund,Active mandate,Long/short equity,Other,Emerging markets,$100M+,Unknown,Direct,,Invested Fund II,,Ad hoc,Jun,Consultant-dependent,Aon,No,,,Draft side letter,1,Active-Stable
r111,Jana Novak,Dogwood Hollow LP,2,Deck sent,Heating up,Tier 2,IR Person,Fund-of-funds,No mandate,Long/short equity,EMEA,US only,$25–50M,≤10% of fund,Conference,Goldman cap intro,Invested Fund II,$50–100M,Q3,Mar,Direct,,No,,,Send monthly update,0,Heating Up
r112,Kofi Mensah,Eucalyptus Lane LP,2,Deck sent,Stable,Tier 2,Placement Agent,Sovereign wealth fund,Fully allocated,Long/short equity,Other,Global,$5–25M,No cap,Direct,,Passed,$100M+,Unknown,Unknown,Direct,NEPC,No,,Director,Propose DD kickoff,0,Active-Stable
r113,Lena Björklund,Foxglove Partners,5,Deck sent,Heating up,Tier 1,Placement Agent,Pension fund,Fully allocated,Long/short equity,EMEA,Global,$50–100M,No cap,Placement agent,,Invested Fund I,,Q4,Unknown,Direct,Aon,Yes,,Director,Draft side letter,3,Heating Up
r114,Matteo Conti,Goldenrod Trust,7,DD,Stable,Tier 2,You,Endowment,Fully allocated,Credit,EMEA,Europe only,$50–100M,≤5% of fund,Direct,,New prospect,$25–50M,Q3,Jun,Consultant-dependent,NEPC,Yes,,Other,Re-engage with snapshot,1,Active-Stable
r115,Nadia Karim,Heliotrope LP,12,First contact,Stable,Tier 2,You,Insurance,Fully allocated,Multi-strat,North America,Global,$5–25M,≤5% of fund,Direct,,Invested Fund I,,Ad hoc,Jan,Direct,,Unknown,,Director,Draft side letter,3,Active-Stable
r116,Oskar Helgesson,Iris Field Endowment,9,Deck sent,Heating up,Tier 1,You,Family office,Active mandate,Quant,North America,Global,$25–50M,No cap,Conference,,Re-upped,,Q1,Unknown,Consultant-dependent,,No,,,Send term sheet,3,Heating Up
r117,Priya Raman,Jasmine Row LP,9,Pass,Cooling,Tier 1,You,Pension fund,Active mandate,Long/short equity,North America,Global,<$5M,No cap,Warm intro,,Unknown,,Ad hoc,Jun,Direct,,No,2025-03-18,,Send monthly update,2,Cooling
r118,Riku Yamamoto,Kingfisher Cove Capital,12,Deck sent,Cooling,Tier 3,Placement Agent,Foundation,Active mandate,Global macro,North America,Global,$100M+,No cap,Warm intro,,Re-upped,$5–25M,Unknown,Jun,Consultant-dependent,NEPC,No,,Director,Confirm allocation window,1,Cooling
r119,Sienna Torres,Larkspur Hill LP,42,First contact,Stable,Tier 2,Unassigned,UHNW,Fully allocated,Global macro,APAC,Emerging markets,Unknown,≤5% of fund,Warm intro,,Re-upped,,Q2,Jun,Consultant-dependent,,Yes,,CIO,Share Q4 performance deck,1,Active-Stable
r120,Tariq Bashir,Marigold Trust,90,Active diligence,Heating up,Tier 2,You,UHNW,Active mandate,Long/short equity,EMEA,Global,Unknown,Unknown,Other,,New prospect,,Q2,Jun,Direct,,No,2025-03-21,Director,Schedule IC presentation,1,Heating Up
r121,Uma Srinivasan,Nightshade Ridge LP,5,Deck sent,Cooling,Tier 2,Placement Agent,UHNW,Unknown,Multi-strat,North America,Global,$25–50M,≤10% of fund,Warm intro,,Invested Fund I,$5–25M,Q3,Jan,Direct,,No,,Other,Schedule IC presentation,2,Cooling
r122,Vigo Carvalho,Oleander Bay LP,12,Active diligence,Stable,Tier 2,You,Sovereign wealth fund,Fully allocated,Multi-strat,North America,Global,$100M+,No cap,Warm intro,,New prospect,,Unknown,Jun,Direct,,No,,Director,Schedule allocation review,3,Active-Stable
r123,Willa Thatcher,Primrose Path LP,5,Active diligence,Cooling,Tier 2,Placement Agent,Insurance,Unknown,Long/short equity,LATAM,Global,$100M+,No cap,Direct,,Re-upped,$25–50M,Q1,Jun,Direct,,Yes,,Analyst,Schedule IC presentation,3,Cooling
r124,Yoshi Taniguchi,Quince Orchard LP,12,Deck sent,Heating up,Tier 2,IR Person,Foundation,Active mandate,Credit,North America,Emerging markets,$5–25M,≤5% of fund,Warm intro,,Re-upped,$25–50M,Ad hoc,Unknown,Direct,,Yes,,Analyst,Share Q4 performance deck,1,Heating Up
r125,Zahra Farouk,Ranunculus LP,70,Deck sent,Stable,Tier 2,Placement Agent,Family office,Active mandate,Credit,North America,US only,$50–100M,≤5% of fund,Placement agent,,New prospect,$5–25M,Q2,Dec,Consultant-dependent,,Yes,,Other,Send concise update,0,Active-Stable
r126,Arjun Mehta,Sunflower Peak LP,2,Deck sent,Heating up,Tier 3,IR Person,Family office,No mandate,Global macro,North America,Global,$5–25M,≤10% of fund,Conference,,Invested Fund II,$50–100M,Q4,Sep,Direct,,Unknown,,,Propose DD kickoff,0,Heating Up
r127,Bianca Rossetti,Trillium Brook Capital,5,Soft circle,Cooling,Tier 3,You,Insurance,Fully allocated,Global macro,EMEA,Global,<$5M,≤5% of fund,Direct,Goldman cap intro,Invested Fund I,,Ad hoc,Jan,Consultant-dependent,,No,2025-01-10,Director,Book intro call,1,Cooling
r128,Cyrus Danforth,Umbrella Pine LP,12,Deck sent,Cooling,Tier 3,You,Endowment,Active mandate,Long/short equity,North America,Emerging markets,$5–25M,No cap,Warm intro,Goldman cap intro,Re-upped,,Q4,Mar,Consultant-dependent,,No,,CIO,Send monthly update,0,Cooling
r129,Dahlia Nguyen,Verbena Point LP,14,DD,Heating up,Tier 2,You,Family office,No mandate,Global macro,North America,Global,$50–100M,No cap,Warm intro,Goldman cap intro,Re-upped,$25–50M,Q4,Jun,Direct,,Yes,2025-03-12,,Draft side letter,2,Heating Up
r130,Emilio Vasquez,Wisteria Lane LP,2,Active diligence,Heating up,Tier 2,Placement Agent,Foundation,No mandate,Credit,APAC,Global,$25–50M,≤10% of fund,Conference,,Invested Fund I,,Unknown,Dec,Consultant-dependent,,No,2025-01-13,,Send monthly update,3,Heating Up
r131,Freya Olsen,Xerophyte LP,5,Met,Stable,Tier 2,You,Insurance,Fully allocated,Long/short equity,North America,Asia only,$50–100M,No cap,Placement agent,Goldman cap intro,New prospect,,Q4,Sep,Direct,,No,2025-02-14,,Share Q4 performance deck,1,Active-Stable
r132,Gideon Pryce,Yarrow Creek Capital,56,DD,Stable,Tier 3,Placement Agent,Family office,Fully allocated,Global macro,EMEA,Global,$25–50M,≤5% of fund,Warm intro,,New prospect,$5–25M,Ad hoc,Mar,Direct,,Unknown,2025-03-15,CIO,Share Q4 performance deck,1,Active-Stable
r133,Helena Costa,Zinnia Fields LP,5,Deck sent,Cooling,Tier 1,You,UHNW,Active mandate,Global macro,North America,Global,$100M+,No cap,Warm intro,,Unknown,,Ad hoc,Unknown,Direct,,No,2025-01-16,Director,Follow up on deck,0,Cooling
r134,Ivan Petrovic,Alpine Crest Endowment,21,Deck sent,Stable,Tier 3,IR Person,Foundation,Active mandate,Global macro,EMEA,Global,$50–100M,No cap,Warm intro,Goldman cap intro,New prospect,,Q4,Jan,Consultant-dependent,,No,2025-02-17,CIO,Follow up on deck,1,Active-Stable
r135,Jun Park,Basin Rock LP,90,First contact,Heating up,Tier 3,You,Family office,Unknown,Long/short equity,EMEA,Europe only,<$5M,Unknown,Warm intro,,Passed,$100M+,Q3,Sep,Direct,,No,2025-03-18,,Send monthly update,2,Heating Up
r136,Katarina Steiner,Canyon View Partners,9,Deck sent,Stable,Tier 2,Placement Agent,Family office,Active mandate,Global macro,APAC,Global,$100M+,≤5% of fund,Placement agent,,New prospect,,Q4,Jan,Direct,Albourne,Unknown,,Other,Schedule allocation review,3,Active-Stable
r137,Luka Horvat,Delta Flow Capital,5,Pass,Stable,Tier 2,Placement Agent,Pension fund,Active mandate,Global macro,North America,Emerging markets,$25–50M,No cap,Direct,,Invested Fund II,Unknown,Ad hoc,Sep,Direct,Callan,Unknown,2025-02-20,,Share data room access,1,Active-Stable
r138,Mei Lin,Estuary LP,2,First contact,Stable,Tier 2,IR Person,Fund-of-funds,Active mandate,Multi-strat,EMEA,Global,$50–100M,No cap,Conference,Goldman cap intro,New prospect,<$5M,Q3,Mar,Direct,,No,2025-03-21,,Share data room access,1,Active-Stable
r139,Nikhil Kapoor,Fjord Point Advisors,2,DD,Heating up,Tier 1,You,Foundation,Fully allocated,Multi-strat,EMEA,Global,$50–100M,≤5% of fund,Placement agent,,New prospect,,Ad hoc,Unknown,Unknown,,No,2025-01-22,Other,Propose DD kickoff,0,Heating Up
r140,Ophelia Grant,Glacier Bay Trust,5,First contact,Cooling,Tier 3,You,Fund-of-funds,Fully allocated,Long/short equity,APAC,Global,$25–50M,No cap,Conference,,Passed,,Unknown,Mar,Direct,Albourne,Yes,,CIO,Send concise update,3,Cooling
r141,Pedro Alvarez,Highland Moor LP,2,Pass,Cooling,Tier 2,IR Person,Sovereign wealth fund,Active mandate,Long/short equity,EMEA,Global,$50–100M,≤5% of fund,Direct,Goldman cap intro,New prospect,,Unknown,Sep,Direct,,No,2025-03-24,Other,Share Q4 performance deck,3,Cooling
r142,Rowena Shaw,Inlet Partners,5,Deck sent,Stable,Tier 3,You,Sovereign wealth fund,Unknown,Other,North America,Global,$25–50M,≤10% of fund,Warm intro,,Passed,$50–100M,Q1,Sep,Direct,,Unknown,,,Book intro call,1,Active-Stable
r143,Sanjay Gupta,Jetty Capital LP,2,Active diligence,Cooling,Tier 1,You,Sovereign wealth fund,Active mandate,Multi-strat,North America,Global,$25–50M,No cap,Placement agent,,Re-upped,,Q1,Jun,Direct,,No,2025-02-26,Other,Confirm allocation window,3,Cooling
r144,Astrid Lindholm,Kelp Forest LP,9,Deck sent,Stable,Tier 3,Placement Agent,UHNW,Active mandate,Global macro,EMEA,Global,$50–100M,No cap,Warm intro,,Invested Fund I,<$5M,Q1,Dec,Direct,Aon,Yes,,CIO,Draft side letter,2,Active-Stable
r145,Beau Harrington,Lagoon Endowment,21,Active diligence,Heating up,Tier 2,You,UHNW,Active mandate,Global macro,North America,Global,$50–100M,No cap,Direct,,Invested Fund II,$5–25M,Q4,Mar,Direct,,Yes,2025-01-10,,Send term sheet,0,Heating Up
r146,Carmen Ibarra,Marshland LP,7,Deck sent,Heating up,Tier 3,You,Foundation,Unknown,Credit,EMEA,Global,$5–25M,No cap,Direct,Goldman cap intro,New prospect,$50–100M,Q2,Mar,Direct,,No,2025-02-11,Director,Share data room access,2,Heating Up
r147,Dina Hakim,Narrows Family Office,5,Active diligence,Heating up,Tier 3,Placement Agent,Foundation,Active mandate,Long/short equity,North America,Global,$100M+,No cap,Conference,,Unknown,,Q3,Sep,Consultant-dependent,,No,2025-03-12,Analyst,Schedule allocation review,1,Heating Up
r148,Ellis Moura,Oasis Ridge LP,2,Met,Cooling,Tier 2,Placement Agent,Endowment,Active mandate,Credit,Other,US only,$25–50M,No cap,Warm intro,Goldman cap intro,New prospect,<$5M,Q2,Jun,Unknown,Callan,Yes,2025-01-13,,Draft side letter,1,Cooling
r149,Fabian Weber,Peninsula Trust,42,Soft circle,Stable,Tier 3,IR Person,Fund-of-funds,No mandate,Credit,Other,Global,$50–100M,≤5% of fund,Warm intro,,Re-upped,,Unknown,Unknown,Direct,,No,,,Draft side letter,0,Active-Stable
r150,Giselle Mercado,Quarry Hill LP,14,Met,Stable,Tier 2,Unassigned,Family office,Active mandate,Long/short equity,North America,Emerging markets,$5–25M,No cap,Warm intro,Goldman cap intro,Invested Fund I,$5–25M,Q4,Mar,Direct,,Unknown,2025-03-15,CIO,Schedule IC presentation,0,Active-Stable
